Employee Name;Department;Building;Status;Hire Date;Month;Years;Benefits; Comp. ;Job Rating;
Bass, Justin;ADC;West;Contract;28/fev/12;February; 9 ;; 55.302 ;5;
Myers, Marc;ADC;Watson;Full Time;24/dez/12;December; 8 ; M ; 94.679 ;2;
Fox, Ellen;ADC;West;Full Time;05/jan/04;January; 17 ; DMR ; 31.915 ;1;
McConnell, Justin;ADC;West;Half-Time;15/fev/96;February; 25 ; DM ; 34.834 ;4;
Sharp, Janine;ADC;Taft;Hourly;24/ago/97;August; 23 ;; 46.384 ;2;
Santiago, Michael;Admin Training;Main;Contract;11/abr/98;April; 22 ;; 86.554 ;5;
Martin, Terry;Admin Training;West;Contract;02/set/05;September; 15 ;; 99.697 ;3;
Olsen, Ewan;Admin Training;Taft;Full Time;08/dez/03;December; 17 ; R ; 93.717 ;5;
Pacheco, Therese;Admin Training;North;Full Time;09/ago/97;August; 23 ; DMR ; 103.688 ;5;
Pruitt, Randy;Admin Training;West;Full Time;07/set/13;September; 7 ; D ; 75.777 ;5;
Hobbs, Scott;Admin Training;Main;Full Time;29/mai/09;May; 11 ; DMR ; 64.155 ;4;
Weiss, Marisa;Admin Training;Watson;Full Time;20/ago/05;August; 15 ; D ; 97.292 ;4;
Yates, Doug;Admin Training;Taft;Full Time;22/mai/07;May; 13 ; DMR ; 40.014 ;4;
Coleman, Rod;Admin Training;Watson;Full Time;12/dez/11;December; 9 ; M ; 48.971 ;3;
Flowers, Kathleen;Admin Training;South;Full Time;02/nov/02;November; 18 ; R ; 110.890 ;2;
Manning, John;Admin Training;North;Full Time;28/jan/02;January; 19 ; DMR ; 79.079 ;2;
Powers, Tia;Admin Training;North;Full Time;03/abr/04;April; 16 ; DMR ; 97.695 ;1;
Prince, Robert;Admin Training;Main;Half-Time;03/jun/08;June; 12 ; D ; 23.056 ;3;
Fitzgerald, George;Admin Training;Taft;Half-Time;20/fev/04;February; 17 ; DMR ; 19.812 ;1;
Weeks, Troy;Admin Training;Main;Half-Time;17/ago/96;August; 24 ; DM ; 39.579 ;1;
Ford, Matt;Admin Training;West;Hourly;03/nov/14;November; 6 ;; 13.827 ;4;
Pearson, Cassy;Admin Training;South;Hourly;25/ago/96;August; 24 ; DMR ; 37.791 ;3;
Herrera, Shawn;Audit Services;West;Full Time;27/dez/05;December; 15 ; R ; 43.732 ;3;
Snyder, Duane;Audit Services;West;Full Time;14/out/14;October; 6 ; DM ; 66.534 ;3;
Calhoun, Dac Vinh;Audit Services;West;Full Time;02/nov/96;November; 24 ; DM ; 53.755 ;2;
Tyler, Javier;Audit Services;Main;Full Time;23/jan/02;January; 19 ; R ; 64.168 ;2;
Baldwin, Ray;Audit Services;North;Full Time;17/fev/04;February; 17 ; D ; 62.205 ;1;
Bates, Verna;Audit Services;Taft;Full Time;27/fev/09;February; 12 ; DMR ; 39.455 ;1;
Sims, Don;Audit Services;North;Full Time;22/nov/98;November; 22 ; DMR ; 95.472 ;1;
Wall, John;Audit Services;West;Full Time;28/mar/05;March; 15 ; M ; 73.372 ;1;
Rodriguez, Scott;Audit Services;West;Half-Time;08/mai/02;May; 18 ; DMR ; 14.333 ;1;
Benson, Troy;Audit Services;Main;Hourly;26/ago/02;August; 18 ;; 26.036 ;4;
Ortega, Jeffrey;Compliance;South;Contract;20/nov/01;November; 19 ;; 75.569 ;2;
Campbell, Michael;Compliance;North;Full Time;13/abr/97;April; 23 ; DMR ; 60.086 ;3;
Ayala, Polly;Compliance;North;Half-Time;24/nov/12;November; 8 ; M ; 59.924 ;3;
Howard, Lisa;Compliance;Main;Half-Time;29/nov/14;November; 6 ; R ; 37.284 ;1;
Cameron, John;Engineering/Maintenance;North;Contract;20/mai/14;May; 6 ;; 103.298 ;5;
Gibbs, Debra;Engineering/Maintenance;Main;Contract;10/mar/02;March; 19 ;; 97.162 ;5;
Paul, Michael;Engineering/Maintenance;Watson;Contract;19/mai/03;May; 17 ;; 114.400 ;5;
Pope, Duane;Engineering/Maintenance;Main;Contract;16/fev/03;February; 18 ;; 111.124 ;5;
Roberts, Jackie;Engineering/Maintenance;North;Contract;03/jul/11;July; 9 ;; 116.103 ;5;
Dawson, Jonathan;Engineering/Maintenance;West;Contract;13/nov/11;November; 9 ;; 80.795 ;4;
Dominguez, Duane;Engineering/Maintenance;West;Contract;06/jan/98;January; 23 ;; 107.926 ;4;
Kemp, Holly;Engineering/Maintenance;South;Contract;25/ago/03;August; 17 ;; 39.442 ;3;
Moran, Carol;Engineering/Maintenance;Main;Contract;11/abr/03;April; 17 ;; 82.342 ;3;
Morse, Michael;Engineering/Maintenance;South;Contract;13/abr/14;April; 6 ;; 33.527 ;3;
Roberson, Eileen;Engineering/Maintenance;North;Contract;07/nov/99;November; 21 ;; 60.671 ;3;
Romero, Randy;Engineering/Maintenance;West;Contract;04/set/11;September; 9 ;; 107.991 ;3;
Vincent, Guy;Engineering/Maintenance;West;Contract;30/out/04;October; 16 ;; 30.628 ;3;
Moses, Mark;Engineering/Maintenance;South;Contract;17/fev/01;February; 20 ;; 83.707 ;2;
Reese, Marc;Engineering/Maintenance;North;Contract;13/mai/02;May; 18 ;; 109.460 ;2;
Todd, Steven;Engineering/Maintenance;West;Contract;30/mar/01;March; 19 ;; 65.715 ;2;
Keller, Jason;Engineering/Maintenance;Taft;Contract;09/mar/97;March; 24 ;; 83.798 ;1;
Ryan, Ryan;Engineering/Maintenance;West;Contract;13/out/03;October; 17 ;; 100.009 ;1;
Wheeler, Meegan;Engineering/Maintenance;Main;Contract;15/dez/95;December; 25 ;; 55.822 ;1;
Austin, William;Engineering/Maintenance;Main;Full Time;26/nov/96;November; 24 ; DM ; 79.820 ;5;
Barnes, Grant;Engineering/Maintenance;Main;Full Time;15/jan/01;January; 20 ; M ; 100.555 ;5;
Boyer, John;Engineering/Maintenance;North;Full Time;16/fev/16;February; 5 ; M ; 89.583 ;5;
Collier, Dean;Engineering/Maintenance;North;Full Time;14/mai/99;May; 21 ; DM ; 97.071 ;5;
Dudley, James;Engineering/Maintenance;Main;Full Time;06/mai/00;May; 20 ; DMR ; 41.483 ;5;
Guzman, Don;Engineering/Maintenance;Main;Full Time;10/dez/06;December; 14 ; DMR ; 93.535 ;5;
Mann, Lowell;Engineering/Maintenance;Watson;Full Time;17/out/00;October; 20 ; DMR ; 88.257 ;5;
Padilla, Christopher;Engineering/Maintenance;Taft;Full Time;06/mai/01;May; 19 ; D ; 106.756 ;5;
Porter, Rachel;Engineering/Maintenance;West;Full Time;28/nov/08;November; 12 ; DMR ; 86.957 ;5;
Shaffer, Nobuko;Engineering/Maintenance;Main;Full Time;23/set/14;September; 6 ; DMR ; 53.937 ;5;
Ayers, Douglas;Engineering/Maintenance;North;Full Time;01/mai/06;May; 14 ; R ; 37.245 ;4;
Bowers, Tammy;Engineering/Maintenance;Main;Full Time;09/out/96;October; 24 ; R ; 111.696 ;4;
Clarke, Dennis;Engineering/Maintenance;North;Full Time;06/jun/08;June; 12 ; R ; 113.464 ;4;
Higgins, Angela;Engineering/Maintenance;West;Full Time;13/jun/03;June; 17 ; M ; 45.214 ;4;
House, Paul;Engineering/Maintenance;West;Full Time;19/ago/02;August; 18 ; DMR ; 53.196 ;4;
Miller, Jessica;Engineering/Maintenance;North;Full Time;21/abr/06;April; 14 ; DMR ; 35.334 ;4;
Terry, Karin;Engineering/Maintenance;North;Full Time;12/out/97;October; 23 ; R ; 93.171 ;4;
Bailey, Victor;Engineering/Maintenance;North;Full Time;16/mai/01;May; 19 ; M ; 100.854 ;3;
Bishop, Juan;Engineering/Maintenance;Main;Full Time;13/nov/15;November; 5 ; M ; 101.166 ;3;
Guerrero, Laura;Engineering/Maintenance;North;Full Time;27/mar/07;March; 13 ; DM ; 111.644 ;3;
Nash, Mark;Engineering/Maintenance;North;Full Time;28/jan/03;January; 18 ; DMR ; 79.339 ;3;
Wilkinson, Gregory;Engineering/Maintenance;North;Full Time;16/mai/97;May; 23 ; DM ; 41.379 ;3;
Combs, Rick;Engineering/Maintenance;Main;Full Time;06/out/06;October; 14 ; M ; 81.627 ;2;
Frazier, Chris;Engineering/Maintenance;West;Full Time;13/abr/96;April; 24 ; D ; 64.753 ;2;
Vance, Cheryl;Engineering/Maintenance;Taft;Full Time;26/jan/16;January; 5 ; D ; 97.123 ;2;
Wolf, Debbie;Engineering/Maintenance;West;Full Time;25/jun/97;June; 23 ; DMR ; 92.495 ;2;
Carroll, Lesa;Engineering/Maintenance;Main;Full Time;31/mar/15;March; 5 ; DM ; 50.349 ;1;
Soto, Christopher;Engineering/Maintenance;North;Full Time;05/dez/04;December; 16 ; R ; 41.730 ;1;
Steele, Gerald;Engineering/Maintenance;West;Full Time;18/abr/15;April; 5 ; DMR ; 30.264 ;1;
Branch, Brady;Engineering/Maintenance;West;Half-Time;22/mar/02;March; 18 ; M ; 62.940 ;4;
Serrano, Al;Engineering/Maintenance;North;Half-Time;27/jul/99;July; 21 ; D ; 50.596 ;4;
York, Steven;Engineering/Maintenance;Main;Half-Time;10/fev/03;February; 18 ; D ; 30.394 ;4;
Molina, Michael;Engineering/Maintenance;Watson;Half-Time;14/dez/13;December; 7 ; D ; 29.296 ;3;
Morton, Brian;Engineering/Maintenance;Watson;Half-Time;30/dez/05;December; 15 ; DMR ; 45.864 ;3;
Scott, Todd;Engineering/Maintenance;Main;Half-Time;10/jul/98;July; 22 ; DMR ; 34.957 ;3;
Strickland, Rajean;Engineering/Maintenance;North;Half-Time;15/ago/96;August; 24 ; DM ; 17.940 ;3;
Foster, Blane;Engineering/Maintenance;West;Hourly;16/nov/04;November; 16 ;; 42.973 ;5;
Johnson, Mary Jo;Engineering/Maintenance;West;Hourly;15/set/03;September; 17 ;; 24.050 ;5;
Berry, Jacklyn;Engineering/Maintenance;North;Hourly;10/jan/97;January; 24 ;; 18.938 ;3;
Wagner, Lynne;Engineering/Maintenance;North;Hourly;11/mar/05;March; 16 ;; 39.104 ;3;
Flores, Angela;Engineering/Operations;North;Contract;10/mar/15;March; 6 ;; 77.155 ;5;
Neal, Sally;Engineering/Operations;Main;Contract;16/mar/13;March; 8 ;; 46.306 ;4;
Buckel, Patricia;Engineering/Operations;North;Contract;01/fev/11;February; 10 ;; 102.518 ;2;
Dickerson, Lincoln;Engineering/Operations;Main;Full Time;08/fev/10;February; 11 ; DMR ; 47.619 ;4;
Norton, Bruce;Engineering/Operations;South;Full Time;26/out/12;October; 8 ; DMR ; 92.456 ;4;
Norman, Rita;Engineering/Operations;North;Full Time;14/abr/14;April; 6 ; DMR ; 99.372 ;3;
Simmons, Robert;Engineering/Operations;North;Full Time;12/set/08;September; 12 ; DMR ; 112.489 ;1;
Walters, Ann;Engineering/Operations;Taft;Half-Time;17/nov/15;November; 5 ; R ; 60.099 ;2;
Armstrong, David;Environmental Health/Safety;North;Full Time;28/fev/12;February; 9 ; R ; 56.784 ;5;
Preston, Chris;Environmental Health/Safety;South;Full Time;16/jan/04;January; 17 ; R ; 88.790 ;5;
Pennington, Gary;Environmental Health/Safety;Main;Full Time;13/jan/02;January; 19 ; R ; 29.796 ;3;
Estrada, Joan;Environmental Health/Safety;Main;Full Time;23/mar/04;March; 16 ; DMR ; 64.818 ;2;
Bradshaw, Sheryl;Environmental Health/Safety;North;Full Time;11/jul/95;July; 25 ; R ; 89.778 ;1;
Davidson, Jaime;Environmental Health/Safety;Watson;Full Time;19/mar/02;March; 18 ; M ; 34.463 ;1;
Hickman, John;Environmental Health/Safety;North;Half-Time;23/jan/16;January; 5 ; R ; 13.676 ;4;
Butler, Roy;Environmental Health/Safety;Main;Half-Time;28/nov/15;November; 5 ; R ; 37.213 ;1;
Blake, Thomas;Environmental Health/Safety;Main;Hourly;09/mai/15;May; 5 ;; 35.729 ;4;
Perry, Christopher;Executive Education;Taft;Contract;10/jan/04;January; 17 ;; 42.822 ;5;
Bryant, Douglas;Executive Education;Watson;Contract;24/jun/04;June; 16 ;; 113.061 ;4;
Phillips, Liesl;Executive Education;Main;Contract;07/jun/03;June; 17 ;; 83.811 ;3;
Kirk, Chris;Executive Education;South;Contract;09/fev/08;February; 13 ;; 95.407 ;2;
Newton, Leigh;Executive Education;Taft;Contract;01/jan/96;January; 25 ;; 104.065 ;2;
Warner, Stephen;Executive Education;West;Contract;20/mar/01;March; 19 ;; 45.838 ;2;
Cohen, Bruce;Executive Education;Main;Contract;28/out/02;October; 18 ;; 98.826 ;1;
Chambers, Richard;Executive Education;Main;Full Time;03/jan/97;January; 24 ; M ; 107.250 ;5;
Pena, Erik;Executive Education;West;Full Time;21/jul/96;July; 24 ; R ; 48.906 ;5;
Larson, David;Executive Education;North;Full Time;01/ago/97;August; 23 ; R ; 107.588 ;4;
Rice, Diane;Executive Education;Main;Full Time;04/ago/06;August; 14 ; M ; 79.495 ;4;
Wilkerson, Claudia;Executive Education;Watson;Full Time;20/fev/02;February; 19 ; DMR ; 104.156 ;4;
Frost, Adam;Executive Education;Main;Full Time;03/out/03;October; 17 ; R ; 65.143 ;1;
Gilmore, Terry;Executive Education;North;Full Time;12/abr/04;April; 16 ; R ; 79.729 ;1;
Rios, Fredrick;Executive Education;Watson;Full Time;16/dez/07;December; 13 ; M ; 51.662 ;1;
Perkins, Donald;Executive Education;North;Half-Time;19/jan/98;January; 23 ; D ; 24.252 ;4;
Hampton, Catherine;Executive Education;Main;Half-Time;09/jul/04;July; 16 ; D ; 55.777 ;1;
Hanson, Dennis;Executive Education;North;Hourly;31/out/95;October; 25 ;; 19.126 ;5;
Nixon, Randy;Executive Education;North;Hourly;25/ago/02;August; 18 ;; 16.479 ;2;
Schwartz, Joseph;International Clinical Safety;North;Contract;18/jun/10;June; 10 ;; 78.078 ;2;
Bauer, Chris;International Clinical Safety;North;Full Time;17/ago/10;August; 10 ; DMR ; 61.555 ;5;
Ellison, Melyssa;International Clinical Safety;West;Full Time;06/fev/05;February; 16 ; R ; 97.578 ;5;
Copeland, Roger;International Clinical Safety;West;Full Time;04/ago/15;August; 5 ; R ; 102.895 ;2;
Fletcher, Brian;International Clinical Safety;Main;Full Time;15/set/01;September; 19 ; DMR ; 86.762 ;2;
Dorsey, Matthew;Logistics;Main;Contract;05/dez/97;December; 23 ;; 105.391 ;5;
Grimes, Jeffrey;Logistics;North;Contract;14/jan/08;January; 13 ;; 41.561 ;5;
Houston, Mark;Logistics;North;Contract;25/jul/00;July; 20 ;; 52.728 ;5;
Norris, Tamara;Logistics;West;Contract;25/fev/00;February; 21 ;; 58.552 ;5;
Salazar, Ruben;Logistics;Main;Contract;18/mai/03;May; 17 ;; 32.656 ;5;
Barnett, Brenda;Logistics;Main;Contract;21/fev/15;February; 6 ;; 59.579 ;4;
Bond, John;Logistics;Taft;Contract;23/ago/14;August; 6 ;; 73.996 ;4;
Ruiz, Randall;Logistics;Main;Contract;06/mar/00;March; 21 ;; 34.268 ;4;
Page, Lisa;Logistics;Watson;Contract;16/mar/15;March; 6 ;; 59.423 ;3;
Hurst, Thomas;Logistics;North;Contract;28/jun/96;June; 24 ;; 29.016 ;2;
Leon, Emily;Logistics;West;Contract;05/jul/98;July; 22 ;; 83.317 ;2;
Gardner, Anthony;Logistics;North;Full Time;01/jul/01;July; 19 ; DMR ; 82.914 ;5;
Garner, Terry;Logistics;Taft;Full Time;07/jul/03;July; 17 ; DM ; 92.313 ;5;
Hamilton, Theo;Logistics;Main;Full Time;26/ago/95;August; 25 ; M ; 45.968 ;5;
Osborne, Bill;Logistics;North;Full Time;06/mar/02;March; 19 ; R ; 49.075 ;5;
Stevenson, Michael;Logistics;Taft;Full Time;09/nov/97;November; 23 ; R ; 60.242 ;5;
Waters, Alfred;Logistics;South;Full Time;04/set/04;September; 16 ; D ; 51.584 ;5;
Carter, Allan;Logistics;North;Full Time;30/jan/11;January; 10 ; DMR ; 29.133 ;4;
Turner, Ray;Logistics;South;Full Time;19/jul/95;July; 25 ; D ; 42.068 ;4;
Whitaker, Jessica;Logistics;Main;Full Time;03/ago/15;August; 5 ; M ; 42.432 ;4;
Burnett, Kevin;Logistics;Main;Full Time;26/jan/07;January; 14 ; DMR ; 55.224 ;3;
Cortez, Jack;Logistics;Main;Full Time;13/jan/01;January; 20 ; D ; 64.038 ;3;
Curtis, Patrick;Logistics;Main;Full Time;26/ago/98;August; 22 ; DMR ; 94.770 ;3;
Watkins, Gary;Logistics;North;Full Time;13/out/15;October; 5 ; R ; 55.406 ;3;
Wyatt, Kelly;Logistics;South;Full Time;19/set/97;September; 23 ; DMR ; 83.863 ;3;
Harrison, Jonathan;Logistics;Taft;Full Time;08/out/03;October; 17 ; R ; 107.120 ;2;
McCarthy, Ryan;Logistics;Main;Full Time;09/jun/96;June; 24 ; R ; 41.782 ;2;
Richards, Richard;Logistics;West;Full Time;21/abr/05;April; 15 ; R ; 92.794 ;2;
Campos, Richard;Logistics;North;Full Time;21/abr/98;April; 22 ; DMR ; 41.392 ;1;
Castillo, Sheri;Logistics;North;Full Time;22/mai/09;May; 11 ; M ; 85.228 ;1;
Walter, Michael;Logistics;Main;Full Time;18/jun/02;June; 18 ; R ; 73.931 ;1;
Delgado, Dale;Logistics;Main;Half-Time;10/nov/13;November; 7 ; DMR ; 51.370 ;5;
Clayton, Gregory;Logistics;West;Half-Time;09/abr/97;April; 23 ; DMR ; 44.343 ;4;
Crawford, Ronald;Logistics;North;Half-Time;19/fev/00;February; 21 ; M ; 19.507 ;4;
Morris, Richelle;Logistics;North;Half-Time;30/dez/00;December; 20 ; D ; 27.586 ;3;
Little, Steve;Logistics;North;Half-Time;25/abr/01;April; 19 ; D ; 42.686 ;2;
Matthews, Diane;Logistics;South;Hourly;06/abr/04;April; 16 ;; 50.398 ;4;
Sawyer, Catherine;Logistics;Main;Hourly;15/mar/14;March; 7 ;; 20.467 ;3;
Gentry, John;Major Mfg Projects;Taft;Contract;20/mar/15;March; 5 ; M ; 92.547 ;4;
Ortiz, Cynthia;Major Mfg Projects;South;Contract;21/mai/05;May; 15 ; R ; 90.233 ;4;
Tucker, James;Major Mfg Projects;Main;Full Time;20/mai/96;May; 24 ; DMR ; 115.882 ;1;
Warren, Jean;Major Mfg Projects;South;Full Time;26/mai/06;May; 14 ; DM ; 58.695 ;1;
Harris, Brian;Major Mfg Projects;Main;Half-Time;02/mar/99;March; 22 ; M ; 116.714 ;4;
Hull, Jeanne;Major Mfg Projects;North;Half-Time;31/ago/07;August; 13 ; D ; 67.340 ;1;
Hernandez, Glenn;Major Mfg Projects;North;Hourly;14/nov/08;November; 12 ; DMR ; 110.669 ;5;
Walton, Benjamin;Major Mfg Projects;Main;Hourly;18/dez/04;December; 16 ; R ; 80.418 ;5;
Alvarez, Steven;Manufacturing;Watson;Contract;28/set/08;September; 12 ;; 83.486 ;5;
Cochran, Andrea;Manufacturing;Main;Contract;23/jun/98;June; 22 ;; 59.501 ;5;
Duran, Brian;Manufacturing;South;Contract;26/abr/04;April; 16 ;; 32.669 ;5;
Gallegos, Rick;Manufacturing;North;Contract;22/set/15;September; 5 ;; 115.492 ;5;
Hudson, Lorna;Manufacturing;North;Contract;21/mar/06;March; 14 ;; 89.063 ;5;
Johnston, Daniel;Manufacturing;West;Contract;03/jan/14;January; 7 ;; 78.052 ;5;
Knight, Denise;Manufacturing;Main;Contract;15/jan/02;January; 19 ;; 54.795 ;5;
Mason, Suzanne;Manufacturing;North;Contract;20/jun/03;June; 17 ;; 93.223 ;5;
Simon, Sheila;Manufacturing;Watson;Contract;16/out/01;October; 19 ;; 36.738 ;5;
Villarreal, Stephen;Manufacturing;North;Contract;05/jul/05;July; 15 ;; 116.376 ;5;
Watson, Christian;Manufacturing;Main;Contract;10/jul/03;July; 17 ;; 88.738 ;5;
Atkins, Kevin;Manufacturing;North;Contract;24/nov/09;November; 11 ;; 49.374 ;4;
Brown, Donald;Manufacturing;Taft;Contract;25/fev/98;February; 23 ;; 83.759 ;4;
Buchanan, Dennis;Manufacturing;South;Contract;31/mai/11;May; 9 ;; 77.129 ;4;
Davis, Tonya;Manufacturing;Taft;Contract;08/jul/11;July; 9 ;; 104.429 ;4;
Franklin, Alicia;Manufacturing;Main;Contract;15/out/04;October; 16 ;; 30.953 ;4;
Jennings, Gary;Manufacturing;West;Contract;11/jan/14;January; 7 ;; 102.076 ;4;
Pratt, Erik;Manufacturing;West;Contract;19/mar/98;March; 22 ;; 102.986 ;4;
Stanley, Eric;Manufacturing;Main;Contract;05/out/01;October; 19 ;; 68.822 ;4;
Wise, Ted;Manufacturing;West;Contract;25/mar/13;March; 7 ;; 81.614 ;4;
Ballard, Martin;Manufacturing;West;Contract;23/out/09;October; 11 ;; 93.379 ;3;
Barker, Heidi;Manufacturing;North;Contract;24/abr/01;April; 19 ;; 31.733 ;3;
Fields, Cathy;Manufacturing;South;Contract;17/out/98;October; 22 ;; 46.098 ;3;
Fischer, David;Manufacturing;North;Contract;13/jun/97;June; 23 ;; 41.847 ;3;
George, Jessica;Manufacturing;North;Contract;15/jul/03;July; 17 ;; 94.276 ;3;
Hardy, Svetlana;Manufacturing;North;Contract;07/jan/08;January; 13 ;; 79.781 ;3;
Hart, Richard;Manufacturing;Main;Contract;10/mai/16;May; 4 ;; 74.243 ;3;
Kelly, Icelita;Manufacturing;Main;Contract;15/abr/05;April; 15 ;; 74.880 ;3;
Long, Gary;Manufacturing;Main;Contract;26/mar/99;March; 21 ;; 82.303 ;3;
Montgomery, Chris;Manufacturing;Watson;Contract;02/jul/04;July; 16 ;; 35.594 ;3;
Parker, Carl;Manufacturing;Main;Contract;04/jan/98;January; 23 ;; 96.187 ;3;
Webster, David;Manufacturing;South;Contract;21/jun/05;June; 15 ;; 75.088 ;3;
Wells, Carlos;Manufacturing;Watson;Contract;27/nov/99;November; 21 ;; 104.897 ;3;
Acosta, Robert;Manufacturing;South;Contract;09/mar/05;March; 16 ;; 54.392 ;2;
Chavez, Thomas;Manufacturing;North;Contract;10/abr/12;April; 8 ;; 83.005 ;2;
Cummings, Jose;Manufacturing;Taft;Contract;05/mar/07;March; 14 ;; 68.601 ;2;
Foley, Peter;Manufacturing;North;Contract;20/fev/09;February; 12 ;; 74.633 ;2;
Haynes, Ernest;Manufacturing;Main;Contract;01/abr/13;April; 7 ;; 109.421 ;2;
Lindsey, Deborah;Manufacturing;Main;Contract;28/jul/97;July; 23 ;; 64.389 ;2;
May, Steve;Manufacturing;North;Contract;29/mai/10;May; 10 ;; 53.222 ;2;
Ward, Williams;Manufacturing;North;Contract;21/mar/09;March; 11 ;; 51.090 ;2;
Wood, Larry;Manufacturing;Main;Contract;04/nov/01;November; 19 ;; 85.813 ;2;
Burton, Cam;Manufacturing;Taft;Contract;06/mai/03;May; 17 ;; 99.983 ;1;
Carrillo, Robert;Manufacturing;West;Contract;28/jun/10;June; 10 ;; 51.584 ;1;
Gilbert, Shannon;Manufacturing;North;Contract;16/jul/05;July; 15 ;; 59.046 ;1;
Lester, Sherri;Manufacturing;Main;Contract;13/out/15;October; 5 ;; 49.192 ;1;
Lyons, Brian;Manufacturing;Watson;Contract;11/jul/08;July; 12 ;; 98.046 ;1;
Park, Timothy;Manufacturing;South;Contract;29/jul/03;July; 17 ;; 58.565 ;1;
Adams, David;Manufacturing;North;Full Time;19/abr/11;April; 9 ; D ; 38.246 ;5;
Burke, Michael;Manufacturing;North;Full Time;14/nov/00;November; 20 ; R ; 94.994 ;5;
Conner, Mark;Manufacturing;North;Full Time;20/jun/06;June; 14 ; DM ; 85.813 ;5;
Cunningham, Denise;Manufacturing;Watson;Full Time;29/jan/03;January; 18 ; M ; 46.098 ;5;
Hicks, Monica;Manufacturing;South;Full Time;02/jun/14;June; 6 ; DMR ; 101.621 ;5;
Holloway, Chris;Manufacturing;North;Full Time;02/nov/10;November; 10 ; DMR ; 79.378 ;5;
Jackson, Eric;Manufacturing;North;Full Time;11/mai/03;May; 17 ; R ; 116.662 ;5;
Jones, John;Manufacturing;West;Full Time;17/mai/03;May; 17 ; M ; 72.085 ;5;
Juarez, Neill;Manufacturing;Main;Full Time;21/abr/97;April; 23 ; R ; 34.047 ;5;
Merritt, Kevin;Manufacturing;Watson;Full Time;04/nov/08;November; 12 ; R ; 40.196 ;5;
Noble, Michael;Manufacturing;West;Full Time;16/mar/02;March; 19 ; R ; 95.087 ;5;
Obrien, Madelyn;Manufacturing;North;Full Time;26/ago/08;August; 12 ; DM ; 70.499 ;5;
Oneal, William;Manufacturing;Main;Full Time;27/jul/03;July; 17 ; DMR ; 97.656 ;5;
Pierce, Karen;Manufacturing;Main;Full Time;28/out/12;October; 8 ; M ; 92.937 ;5;
Rojas, Charles;Manufacturing;North;Full Time;03/jan/97;January; 24 ; DR ; 73.970 ;5;
Short, Timothy;Manufacturing;North;Full Time;19/jan/15;January; 6 ; DMR ; 46.280 ;5;
Stephens, Bonnie;Manufacturing;Main;Full Time;27/mar/15;March; 5 ; R ; 45.890 ;5;
Underwood, Todd;Manufacturing;Main;Full Time;27/out/03;October; 17 ; DMR ; 114.712 ;5;
Wilson, Jessica;Manufacturing;Taft;Full Time;28/ago/01;August; 19 ; M ; 51.376 ;5;
Alvarado, Sonia;Manufacturing;Main;Full Time;12/out/01;October; 19 ; DM ; 59.124 ;4;
Boone, Eric;Manufacturing;Main;Full Time;03/jan/05;January; 16 ; DMR ; 99.050 ;4;
Castro, Christopher;Manufacturing;Watson;Full Time;01/jan/13;January; 8 ; R ; 77.246 ;4;
Chen, Jaime;Manufacturing;North;Full Time;22/set/00;September; 20 ; R ; 87.165 ;4;
Gill, Douglas;Manufacturing;West;Full Time;10/jan/11;January; 10 ; D ; 89.323 ;4;
Gomez, Ed;Manufacturing;Taft;Full Time;23/mai/99;May; 21 ; DMR ; 105.313 ;4;
Harmon, Paul;Manufacturing;South;Full Time;10/out/03;October; 17 ; DMR ; 43.173 ;4;
Hartman, Michael;Manufacturing;Main;Full Time;07/fev/97;February; 24 ; D ; 78.494 ;4;
Hunt, Norman;Manufacturing;Main;Full Time;16/abr/04;April; 16 ; R ; 79.729 ;4;
Moreno, Chris;Manufacturing;South;Full Time;03/abr/98;April; 22 ; R ; 30.329 ;4;
Morrow, Richard;Manufacturing;Watson;Full Time;17/out/01;October; 19 ; DMR ; 77.116 ;4;
Schmidt, Michael;Manufacturing;Main;Full Time;21/jan/97;January; 24 ; DMR ; 68.822 ;4;
Small, Athanasios;Manufacturing;South;Full Time;28/nov/06;November; 14 ; R ; 32.903 ;4;
Abbott, James;Manufacturing;Taft;Full Time;20/mar/00;March; 20 ; DMR ; 31.590 ;3;
Bradford, Raymond;Manufacturing;Main;Full Time;10/mar/07;March; 14 ; R ; 81.575 ;3;
Bullock, Greg;Manufacturing;South;Full Time;19/jan/10;January; 11 ; DMR ; 53.378 ;3;
Carson, Anthony;Manufacturing;North;Full Time;12/mai/07;May; 13 ; DMR ; 37.661 ;3;
Gates, Anne;Manufacturing;Main;Full Time;04/set/07;September; 13 ; R ; 89.804 ;3;
Jenkins, Scott;Manufacturing;Main;Full Time;25/mar/16;March; 4 ; DMR ; 61.672 ;3;
Johns, Chad;Manufacturing;Main;Full Time;30/ago/13;August; 7 ; DMR ; 90.116 ;3;
Knox, Lori;Manufacturing;Main;Full Time;11/nov/08;November; 12 ; DMR ; 97.729 ;3;
Lane, Brandyn;Manufacturing;West;Full Time;05/out/02;October; 18 ; DM ; 91.026 ;3;
Leonard, Paul;Manufacturing;Main;Full Time;18/jan/98;January; 23 ; R ; 59.150 ;3;
Monroe, Justin;Manufacturing;West;Full Time;04/out/04;October; 16 ; DMR ; 87.464 ;3;
Reynolds, Barbara;Manufacturing;Main;Full Time;26/mar/01;March; 19 ; R ; 112.138 ;3;
Ross, Janice;Manufacturing;West;Full Time;20/jul/99;July; 21 ; D ; 44.824 ;3;
Stone, Brian;Manufacturing;Watson;Full Time;11/ago/12;August; 8 ; DM ; 92.339 ;3;
Sweeney, Barbara;Manufacturing;North;Full Time;08/mai/01;May; 19 ; DMR ; 95.485 ;3;
Washington, Phillip;Manufacturing;South;Full Time;03/set/04;September; 16 ; DMR ; 52.078 ;3;
Anderson, Teason;Manufacturing;North;Full Time;24/jun/05;June; 15 ; D ; 50.531 ;2;
Burns, Fiona;Manufacturing;Taft;Full Time;01/fev/04;February; 17 ; D ; 105.820 ;2;
Carr, Susan;Manufacturing;West;Full Time;10/nov/00;November; 20 ; DM ; 50.622 ;2;
Christensen, Jill;Manufacturing;West;Full Time;17/nov/03;November; 17 ; DM ; 29.458 ;2;
Eaton, Cris;Manufacturing;North;Full Time;31/mar/02;March; 18 ; R ; 42.107 ;2;
Ferguson, John;Manufacturing;West;Full Time;02/jun/09;June; 11 ; DMR ; 61.542 ;2;
Gaines, Sheela;Manufacturing;Taft;Full Time;04/jun/02;June; 18 ; R ; 79.495 ;2;
Harding, Erin;Manufacturing;North;Full Time;21/set/04;September; 16 ; DMR ; 46.566 ;2;
Henson, Debra;Manufacturing;Main;Full Time;14/jul/03;July; 17 ; DMR ; 52.442 ;2;
King, Taslim;Manufacturing;Main;Full Time;27/abr/01;April; 19 ; R ; 57.551 ;2;
Lang, Dana;Manufacturing;Watson;Full Time;22/dez/14;December; 6 ; M ; 45.097 ;2;
Larsen, Lara;Manufacturing;Main;Full Time;25/mar/02;March; 18 ; DMR ; 103.649 ;2;
Rowe, Ken;Manufacturing;North;Full Time;14/jun/04;June; 16 ; M ; 49.088 ;2;
Valdez, Ann;Manufacturing;South;Full Time;16/set/12;September; 8 ; DMR ; 60.086 ;2;
Vargas, Bryant;Manufacturing;North;Full Time;24/set/02;September; 18 ; DM ; 86.359 ;2;
Welch, Michael;Manufacturing;West;Full Time;29/jan/16;January; 5 ; DMR ; 56.966 ;2;
Williams, Scott;Manufacturing;Main;Full Time;25/jun/98;June; 22 ; R ; 106.574 ;2;
Wolfe, Keith;Manufacturing;Main;Full Time;05/mar/99;March; 22 ; R ; 32.123 ;2;
Bowman, Michael;Manufacturing;North;Full Time;23/fev/16;February; 5 ; M ; 57.538 ;1;
Cain, Lon;Manufacturing;West;Full Time;27/mar/11;March; 9 ; DM ; 99.559 ;1;
Clark, William;Manufacturing;West;Full Time;15/jun/05;June; 15 ; M ; 30.745 ;1;
Craig, Alan;Manufacturing;North;Full Time;08/abr/11;April; 9 ; R ; 85.436 ;1;
Fernandez, Marie;Manufacturing;South;Full Time;03/abr/02;April; 18 ; M ; 58.396 ;1;
Griffith, Michelle;Manufacturing;Main;Full Time;23/jun/07;June; 13 ; M ; 83.369 ;1;
Harvey, Michael;Manufacturing;Main;Full Time;02/jun/02;June; 18 ; DMR ; 78.364 ;1;
Kennedy, Kimberly;Manufacturing;North;Full Time;19/jan/10;January; 11 ; DMR ; 114.088 ;1;
McDowell, Scott;Manufacturing;Watson;Full Time;24/nov/09;November; 11 ; DM ; 91.988 ;1;
Owens, Dwight;Manufacturing;North;Full Time;31/mai/04;May; 16 ; R ; 89.375 ;1;
Perez, Kim;Manufacturing;Main;Full Time;16/set/02;September; 18 ; DMR ; 78.130 ;1;
Peterson, Shaun;Manufacturing;West;Full Time;20/abr/97;April; 23 ; R ; 76.583 ;1;
Shelton, Donna;Manufacturing;Taft;Full Time;31/dez/02;December; 18 ; DMR ; 102.141 ;1;
Stevens, Andrew;Manufacturing;North;Full Time;24/jun/00;June; 20 ; DM ; 81.991 ;1;
Beck, Craig;Manufacturing;North;Half-Time;12/set/04;September; 16 ; R ; 22.451 ;5;
Burgess, Cherie;Manufacturing;Taft;Half-Time;06/jan/03;January; 18 ; DMR ; 63.486 ;5;
Jacobs, Florianne;Manufacturing;North;Half-Time;28/abr/01;April; 19 ; DMR ; 60.171 ;5;
Sparks, Terri;Manufacturing;Taft;Half-Time;29/set/01;September; 19 ; DMR ; 60.639 ;5;
McKenzie, Michelle;Manufacturing;West;Half-Time;07/jul/98;July; 22 ; DM ; 24.564 ;4;
Mendez, Max;Manufacturing;North;Half-Time;13/mar/05;March; 16 ; R ; 60.723 ;3;
Lara, Mark;Manufacturing;Taft;Half-Time;31/ago/99;August; 21 ; DM ; 19.838 ;2;
Livingston, Lynette;Manufacturing;Main;Half-Time;11/jan/04;January; 17 ; M ; 28.171 ;2;
Greer, Brian;Manufacturing;North;Half-Time;12/jul/04;July; 16 ; R ; 14.385 ;1;
Harper, Cynthia;Manufacturing;Main;Half-Time;12/abr/04;April; 16 ; R ; 62.647 ;1;
Mercado, David;Manufacturing;Main;Half-Time;02/dez/04;December; 16 ; M ; 54.100 ;1;
Snow, Desiree;Manufacturing;West;Half-Time;24/dez/07;December; 13 ; DMR ; 31.798 ;1;
Jordan, Mark;Manufacturing;Main;Hourly;18/mai/04;May; 16 ;; 12.251 ;4;
McGuire, Rebecca;Manufacturing;Watson;Hourly;20/out/13;October; 7 ;; 13.744 ;4;
McLaughlin, Edward;Manufacturing;Main;Hourly;25/jan/16;January; 5 ;; 36.951 ;4;
Meyers, David;Manufacturing;West;Hourly;30/dez/11;December; 9 ;; 18.741 ;4;
Oliver, Francisco;Manufacturing;South;Hourly;23/set/03;September; 17 ;; 48.896 ;4;
Woodard, Charles;Manufacturing;South;Hourly;21/mai/97;May; 23 ;; 29.047 ;4;
Malone, Daniel;Manufacturing;West;Hourly;28/jan/03;January; 18 ;; 37.929 ;3;
Murphy, Jeff;Manufacturing;North;Hourly;30/jun/03;June; 17 ;; 11.575 ;3;
Gross, Davin;Manufacturing;West;Hourly;23/fev/02;February; 19 ;; 29.214 ;1;
Kim, Deborah;Manufacturing;South;Hourly;09/jul/98;July; 22 ;; 39.541 ;1;
Poole, Tracy;Manufacturing;North;Hourly;12/abr/08;April; 12 ;; 11.560 ;1;
Munoz, Michael;Manufacturing Admin;West;Contract;21/ago/05;August; 15 ;; 96.850 ;4;
Wright, Brad;Manufacturing Admin;Watson;Contract;18/abr/15;April; 5 ;; 80.457 ;2;
Diaz, David;Manufacturing Admin;Watson;Full Time;09/mai/15;May; 5 ; R ; 35.425 ;5;
Rose, Mark;Manufacturing Admin;Taft;Full Time;25/mai/07;May; 13 ; DMR ; 76.882 ;5;
McLean, Richard;Manufacturing Admin;West;Full Time;11/nov/11;November; 9 ; D ; 92.820 ;4;
Walsh, Matthew;Manufacturing Admin;South;Full Time;10/ago/97;August; 23 ; DMR ; 50.908 ;3;
Davenport, Troy;Manufacturing Admin;North;Full Time;04/nov/08;November; 12 ; R ; 70.031 ;2;
Alexander, Charles;Operations;Taft;Contract;02/fev/04;February; 17 ;; 40.651 ;5;
Browning, Kathleen;Operations;Watson;Contract;20/mar/98;March; 22 ;; 37.700 ;5;
Colon, Donnie;Operations;South;Contract;29/ago/00;August; 20 ;; 106.509 ;5;
Goodwin, April;Operations;Main;Contract;06/dez/02;December; 18 ;; 101.309 ;5;
Wade, Kevin;Operations;West;Contract;26/jan/04;January; 17 ;; 61.906 ;5;
Klein, Robert;Operations;North;Contract;20/jun/05;June; 15 ;; 65.260 ;4;
Becker, Gretchen;Operations;Main;Contract;13/jul/12;July; 8 ;; 96.811 ;3;
Bennett, Chris;Operations;Taft;Contract;18/mai/10;May; 10 ;; 74.776 ;3;
Huffman, Ignacio;Operations;North;Contract;03/set/02;September; 18 ;; 83.005 ;2;
Miranda, Elena;Operations;Watson;Contract;23/mar/02;March; 18 ;; 70.031 ;2;
Gonzalez, David;Operations;North;Full Time;28/fev/98;February; 23 ; M ; 58.734 ;5;
Harrell, Cristin;Operations;West;Full Time;12/fev/06;February; 15 ; DMR ; 63.687 ;5;
Skinner, Jason;Operations;Main;Full Time;16/out/04;October; 16 ; R ; 56.498 ;5;
Swanson, Vicki;Operations;West;Full Time;10/dez/95;December; 25 ; DM ; 40.638 ;5;
Adkins, Michael;Operations;Main;Full Time;25/jan/15;January; 6 ; R ; 58.838 ;4;
Bartlett, Julia;Operations;North;Full Time;02/abr/98;April; 22 ; M ; 112.502 ;4;
Baxter, Teresa;Operations;Watson;Full Time;21/set/14;September; 6 ; R ; 57.395 ;4;
Blackburn, Kathryn;Operations;West;Full Time;09/mar/12;March; 9 ; R ; 61.893 ;4;
Fowler, John;Operations;South;Full Time;03/jan/96;January; 25 ; DMR ; 81.562 ;4;
Gonzales, David;Operations;Taft;Full Time;30/jul/01;July; 19 ; DMR ; 74.828 ;4;
Henry, Craig;Operations;North;Full Time;26/mar/97;March; 23 ; DM ; 78.728 ;4;
Lawson, Erin;Operations;Taft;Full Time;13/ago/04;August; 16 ; R ; 66.833 ;4;
Patrick, Wendy;Operations;West;Full Time;10/mai/05;May; 15 ; R ; 68.237 ;4;
Rush, Lateef;Operations;North;Full Time;21/abr/02;April; 18 ; DMR ; 106.132 ;4;
Shields, Robert;Operations;West;Full Time;29/mai/01;May; 19 ; M ; 91.624 ;4;
Spencer, Boyd;Operations;West;Full Time;02/jul/01;July; 19 ; DMR ; 63.440 ;4;
Vasquez, Michael;Operations;Main;Full Time;20/set/15;September; 5 ; DMR ; 44.161 ;4;
Conley, Mark;Operations;North;Full Time;27/dez/96;December; 24 ; DM ; 113.256 ;3;
Goodman, Kuyler;Operations;North;Full Time;23/out/04;October; 16 ; DMR ; 57.486 ;3;
Salinas, Jon;Operations;West;Full Time;24/fev/03;February; 18 ; D ; 112.879 ;3;
Wilcox, Robert;Operations;Main;Full Time;25/fev/03;February; 18 ; R ; 106.743 ;3;
Humphrey, Andrew;Operations;Watson;Full Time;10/mai/04;May; 16 ; DMR ; 59.839 ;2;
Keith, Thomas;Operations;West;Full Time;02/abr/97;April; 23 ; DMR ; 48.126 ;2;
Kerr, Mihaela;Operations;Main;Full Time;26/jun/15;June; 5 ; M ; 98.514 ;2;
Lawrence, Ronald;Operations;North;Full Time;21/jul/98;July; 22 ; R ; 84.825 ;2;
Parsons, Phillip;Operations;North;Full Time;18/jun/00;June; 20 ; D ; 86.996 ;2;
Giles, Kathleen;Operations;Taft;Full Time;04/jun/97;June; 23 ; DM ; 96.109 ;1;
Middleton, Jen;Operations;North;Full Time;11/nov/03;November; 17 ; D ; 64.701 ;1;
Parrish, Debra;Operations;Taft;Full Time;11/jun/96;June; 24 ; DMR ; 29.770 ;1;
Herring, Joanna;Operations;West;Half-Time;10/jan/12;January; 9 ; R ; 62.017 ;5;
Hodges, Lisa;Operations;North;Half-Time;04/jan/10;January; 11 ; DMR ; 40.632 ;5;
Contreras, Dean;Operations;Main;Half-Time;15/mar/96;March; 25 ; M ; 17.017 ;4;
McCoy, Preston;Operations;Main;Half-Time;26/set/06;September; 14 ; DM ; 61.484 ;4;
Doyle, Leslie;Operations;Main;Half-Time;16/jun/15;June; 5 ; R ; 26.052 ;3;
Howell, Douglas;Operations;South;Half-Time;01/set/06;September; 14 ; D ; 20.683 ;3;
Wiley, Gustavo;Operations;West;Half-Time;16/nov/03;November; 17 ; R ; 37.544 ;3;
Decker, Amy;Operations;West;Half-Time;21/fev/14;February; 7 ; M ; 50.148 ;2;
Price, Diana;Operations;South;Half-Time;23/jul/04;July; 16 ; R ; 34.827 ;2;
Dyer, Carrie;Operations;West;Half-Time;29/ago/06;August; 14 ; DM ; 40.443 ;1;
Robertson, Nathan;Operations;North;Half-Time;20/out/03;October; 17 ; DMR ; 62.251 ;1;
Solomon, Michael;Operations;North;Hourly;01/mar/96;March; 25 ;; 47.897 ;4;
Hale, Deon;Peptide Chemistry;Main;Contract;07/jul/15;July; 5 ;; 97.630 ;4;
Moody, Matthew;Peptide Chemistry;Taft;Contract;15/out/02;October; 18 ;; 112.411 ;4;
Morales, Linda;Peptide Chemistry;North;Contract;11/jan/02;January; 19 ;; 70.447 ;4;
Golden, Christine;Peptide Chemistry;West;Contract;05/dez/06;December; 14 ;; 38.402 ;3;
Wong, Dennis;Peptide Chemistry;North;Contract;24/jun/08;June; 12 ;; 101.530 ;3;
Glover, Eugene;Peptide Chemistry;Taft;Contract;29/mai/15;May; 5 ;; 96.226 ;2;
Ramsey, Nathaniel;Peptide Chemistry;West;Contract;03/set/03;September; 17 ;; 94.224 ;2;
Byrd, Asa;Peptide Chemistry;Watson;Full Time;26/out/04;October; 16 ; R ; 88.933 ;5;
Chang, Gabriel;Peptide Chemistry;North;Full Time;19/fev/01;February; 20 ; R ; 29.718 ;5;
McDonald, Debra;Peptide Chemistry;South;Full Time;07/jan/97;January; 24 ; DMR ; 50.843 ;5;
Robinson, John;Peptide Chemistry;South;Full Time;04/fev/05;February; 16 ; D ; 59.085 ;5;
Sherman, Karin;Peptide Chemistry;North;Full Time;11/mai/97;May; 23 ; DMR ; 63.115 ;5;
Aguilar, Kevin;Peptide Chemistry;Main;Full Time;01/jan/06;January; 15 ; DMR ; 93.366 ;2;
Flynn, Melissa;Peptide Chemistry;Main;Full Time;09/jan/04;January; 17 ; R ; 30.576 ;2;
Gregory, Jon;Peptide Chemistry;South;Full Time;15/dez/15;December; 5 ; D ; 80.834 ;2;
Rhodes, Brenda;Peptide Chemistry;North;Full Time;21/out/97;October; 23 ; DM ; 114.374 ;1;
Hawkins, Douglas;Peptide Chemistry;South;Half-Time;20/mar/01;March; 19 ; DMR ; 64.227 ;4;
Nelson, Shira;Peptide Chemistry;Main;Half-Time;09/jun/03;June; 17 ; DMR ; 26.650 ;3;
Hopkins, Lisa;Peptide Chemistry;Main;Hourly;10/out/03;October; 17 ;; 28.168 ;4;
Trujillo, Shawn;Peptide Chemistry;Main;Hourly;06/nov/01;November; 19 ;; 45.906 ;3;
Chapman, Jessica;Peptide Chemistry;Watson;Hourly;18/jul/08;July; 12 ;; 14.357 ;2;
Nicholson, Lee;Pharmacokinetics;Main;Contract;11/mai/02;May; 18 ;; 58.266 ;4;
Green, Kim;Pharmacokinetics;West;Contract;09/mar/99;March; 22 ;; 93.210 ;2;
Rogers, Colleen;Pharmacokinetics;West;Contract;15/jan/02;January; 19 ;; 32.656 ;2;
McClure, Gary;Pharmacokinetics;North;Full Time;18/abr/00;April; 20 ; DMR ; 82.147 ;1;
Dalton, Carol;Process Development;South;Contract;30/abr/03;April; 17 ;; 82.329 ;4;
Marks, LaReina;Process Development;Taft;Contract;11/out/15;October; 5 ;; 51.272 ;4;
Cooper, Lisa;Process Development;South;Contract;25/nov/13;November; 7 ;; 70.200 ;3;
Mueller, Philip;Process Development;Taft;Contract;11/jun/99;June; 21 ;; 86.723 ;2;
Kirby, Michael;Process Development;Taft;Contract;11/mar/16;March; 5 ;; 109.590 ;1;
Maynard, Susan;Process Development;Main;Contract;01/abr/05;April; 15 ;; 39.390 ;1;
Sexton, John;Process Development;North;Contract;20/jul/97;July; 23 ;; 42.445 ;1;
Bowen, Kes;Process Development;North;Full Time;31/jul/96;July; 24 ; M ; 79.911 ;5;
Daniel, Robert;Process Development;Main;Full Time;17/jun/03;June; 17 ; DMR ; 96.889 ;5;
Douglas, Kenneth;Process Development;Main;Full Time;29/nov/96;November; 24 ; DMR ; 56.654 ;5;
Gray, Mark;Process Development;Main;Full Time;14/jul/00;July; 20 ; DMR ; 33.579 ;5;
Joseph, Christopher;Process Development;Main;Full Time;16/mai/98;May; 22 ; R ; 94.939 ;5;
Lee, Charles;Process Development;North;Full Time;12/abr/03;April; 17 ; DMR ; 89.076 ;5;
Riley, David;Process Development;South;Full Time;03/mar/01;March; 20 ; R ; 82.004 ;5;
Blackwell, Brandon;Process Development;North;Full Time;11/nov/12;November; 8 ; M ; 66.287 ;4;
Gibson, Janet;Process Development;Main;Full Time;07/dez/01;December; 19 ; DM ; 101.335 ;4;
Grant, Leonard;Process Development;North;Full Time;01/fev/97;February; 24 ; DMR ; 103.701 ;4;
Owen, Robert;Process Development;North;Full Time;04/nov/01;November; 19 ; D ; 87.399 ;4;
Parks, Christopher;Process Development;North;Full Time;25/mar/11;March; 9 ; DMR ; 61.178 ;4;
Whitehead, Carolyn;Process Development;Taft;Full Time;05/jul/15;July; 5 ; DMR ; 86.892 ;4;
Dixon, Richard;Process Development;Main;Full Time;28/set/97;September; 23 ; D ; 60.983 ;3;
Floyd, Eric;Process Development;South;Full Time;28/dez/99;December; 21 ; DMR ; 113.139 ;3;
Hogan, Daniel;Process Development;Main;Full Time;22/ago/09;August; 11 ; R ; 112.060 ;3;
Velez, Letitia;Process Development;North;Full Time;31/jan/13;January; 8 ; DMR ; 115.505 ;3;
Erickson, Ricky;Process Development;Watson;Full Time;04/fev/00;February; 21 ; M ; 101.192 ;2;
Everett, Dan;Process Development;Watson;Full Time;12/ago/13;August; 7 ; R ; 104.117 ;2;
Glenn, Christopher;Process Development;North;Full Time;25/set/97;September; 23 ; D ; 97.981 ;2;
Hammond, Robert;Process Development;West;Full Time;10/jan/97;January; 24 ; R ; 56.147 ;2;
Watts, Curtis;Process Development;North;Full Time;12/jul/11;July; 9 ; DM ; 35.828 ;2;
Andrews, Diane;Process Development;West;Full Time;26/jan/97;January; 24 ; DMR ; 34.268 ;1;
Best, Lara;Process Development;West;Full Time;25/set/01;September; 19 ; R ; 56.433 ;1;
Randall, Yvonne;Process Development;North;Full Time;14/nov/97;November; 23 ; DM ; 88.413 ;1;
Savage, John;Process Development;West;Full Time;22/jul/13;July; 7 ; D ; 105.144 ;1;
Mosley, Michael;Process Development;West;Half-Time;27/jul/07;July; 13 ; DMR ; 43.953 ;5;
Barber, Robbie;Process Development;Main;Half-Time;14/set/96;September; 24 ; DM ; 45.559 ;4;
Hoover, Evangeline;Process Development;Taft;Half-Time;29/jul/12;July; 8 ; D ; 62.088 ;3;
McClain, Steven;Process Development;Taft;Half-Time;04/out/99;October; 21 ; DMR ; 17.466 ;1;
Rodriquez, Denise;Process Development;North;Half-Time;12/jun/05;June; 15 ; R ; 37.707 ;1;
Shepherd, Annie;Process Development;Watson;Half-Time;28/jul/15;July; 5 ; DMR ; 22.003 ;1;
Stafford, Rhonda;Process Development;West;Hourly;07/ago/15;August; 5 ;; 19.573 ;5;
Pace, Joseph;Process Development;North;Hourly;31/mai/09;May; 11 ;; 43.566 ;4;
Mills, Melissa;Process Development;Main;Hourly;25/set/15;September; 5 ;; 11.934 ;3;
Moss, Chan;Process Development;Main;Hourly;24/mar/08;March; 12 ;; 28.142 ;2;
Black, Cliff;Process Development;Main;Hourly;11/jun/04;June; 16 ;; 51.693 ;1;
Collins, Michael;Professional Training Group;Taft;Contract;11/fev/96;February; 25 ;; 63.791 ;3;
Drake, Kyle;Professional Training Group;Main;Full Time;18/out/96;October; 24 ; DMR ; 105.989 ;5;
Medina, Warren;Professional Training Group;West;Full Time;09/dez/96;December; 24 ; R ; 58.006 ;5;
Ramirez, Keith;Professional Training Group;Main;Full Time;14/jul/96;July; 24 ; DMR ; 90.220 ;5;
Schneider, Gay;Professional Training Group;Main;Full Time;22/ago/95;August; 25 ; DMR ; 42.380 ;5;
McDaniel, Tamara;Professional Training Group;North;Full Time;05/fev/96;February; 25 ; DMR ; 114.335 ;4;
Cruz, Janene;Professional Training Group;Main;Full Time;16/mar/96;March; 25 ; D ; 45.916 ;3;
Potter, Dawn;Professional Training Group;North;Full Time;03/nov/95;November; 25 ; DMR ; 53.222 ;3;
Woods, Marcus;Professional Training Group;Main;Full Time;03/ago/96;August; 24 ; R ; 101.036 ;3;
Dean, Gayla;Professional Training Group;Watson;Full Time;25/set/96;September; 24 ; M ; 57.928 ;2;
Elliott, Anthony;Professional Training Group;Watson;Full Time;27/out/95;October; 25 ; R ; 56.043 ;2;
Conway, Brett;Professional Training Group;North;Full Time;02/jan/96;January; 25 ; DMR ; 93.249 ;1;
Brady, Traci;Professional Training Group;West;Half-Time;08/out/95;October; 25 ; DM ; 51.506 ;5;
Massey, Mark;Professional Training Group;North;Half-Time;14/abr/96;April; 24 ; D ; 20.820 ;3;
Young, Benjamin;Professional Training Group;North;Half-Time;21/ago/95;August; 25 ; M ; 32.260 ;1;
Santos, Garret;Professional Training Group;North;Hourly;06/out/95;October; 25 ;; 43.202 ;4;
Curry, Hunyen;Project & Contract Services;Main;Contract;10/mai/04;May; 16 ;; 75.387 ;5;
Reyes, Mary;Project & Contract Services;Main;Contract;08/ago/15;August; 5 ;; 51.415 ;5;
Smith, Koleen;Project & Contract Services;Watson;Contract;27/jul/04;July; 16 ;; 92.690 ;5;
Strong, Lisa;Project & Contract Services;South;Contract;28/jul/00;July; 20 ;; 99.931 ;5;
Hill, Robin;Project & Contract Services;West;Contract;29/nov/96;November; 24 ;; 66.092 ;4;
Marsh, Cynthia;Project & Contract Services;West;Contract;15/abr/02;April; 18 ;; 64.389 ;4;
Meyer, Charles;Project & Contract Services;West;Contract;14/ago/15;August; 5 ;; 74.984 ;4;
Morgan, Patricia;Project & Contract Services;North;Contract;11/set/12;September; 8 ;; 116.532 ;4;
Simpson, Jimmy;Project & Contract Services;West;Contract;15/out/95;October; 25 ;; 29.926 ;4;
Thomas, Shannon;Project & Contract Services;Main;Contract;21/dez/95;December; 25 ;; 76.245 ;4;
Bell, David;Project & Contract Services;Main;Contract;22/mai/07;May; 13 ;; 78.091 ;3;
Jensen, Kristina;Project & Contract Services;West;Contract;28/jan/97;January; 24 ;; 61.867 ;3;
Reeves, Greg;Project & Contract Services;North;Contract;21/set/07;September; 13 ;; 80.054 ;3;
Ashley, Michael;Project & Contract Services;North;Contract;18/ago/01;August; 19 ;; 78.091 ;2;
Blair, Sperry;Project & Contract Services;Main;Contract;21/jan/00;January; 21 ;; 43.056 ;2;
Hardin, Gregory;Project & Contract Services;North;Contract;14/nov/99;November; 21 ;; 111.774 ;2;
Lopez, Stephen;Project & Contract Services;West;Contract;17/fev/97;February; 24 ;; 78.715 ;2;
Martinez, Kathleen;Project & Contract Services;Taft;Contract;20/set/02;September; 18 ;; 47.099 ;2;
Vaughn, Harlon;Project & Contract Services;Main;Contract;05/dez/97;December; 23 ;; 58.136 ;2;
Holland, Donald;Project & Contract Services;Main;Contract;06/jun/96;June; 24 ;; 103.194 ;1;
Mack, Barry;Project & Contract Services;Main;Contract;27/set/96;September; 24 ;; 68.575 ;1;
McBride, Grazyna;Project & Contract Services;North;Contract;16/mar/01;March; 20 ;; 95.147 ;1;
Singleton, David;Project & Contract Services;West;Contract;12/out/03;October; 17 ;; 61.776 ;1;
Solis, Daniel;Project & Contract Services;Main;Contract;18/mai/99;May; 21 ;; 73.645 ;1;
Estes, Mary;Project & Contract Services;Main;Full Time;20/nov/11;November; 9 ; R ; 85.644 ;5;
Hancock, Allen;Project & Contract Services;Main;Full Time;29/jan/04;January; 17 ; M ; 60.268 ;5;
Herman, Henrietta;Project & Contract Services;North;Full Time;14/fev/14;February; 7 ; DMR ; 83.616 ;5;
Huff, Erik;Project & Contract Services;Main;Full Time;22/set/96;September; 24 ; DM ; 70.850 ;5;
Jefferson, Elaine;Project & Contract Services;Main;Full Time;14/ago/04;August; 16 ; R ; 85.683 ;5;
Kent, Angus;Project & Contract Services;West;Full Time;03/ago/01;August; 19 ; DM ; 94.510 ;5;
Winters, Shaun;Project & Contract Services;North;Full Time;30/set/12;September; 8 ; DM ; 54.626 ;5;
Brewer, Kent;Project & Contract Services;Main;Full Time;27/mar/98;March; 22 ; DMR ; 30.316 ;4;
Casey, Ronald;Project & Contract Services;North;Full Time;06/jun/03;June; 17 ; R ; 79.846 ;4;
Cline, Rebecca;Project & Contract Services;Taft;Full Time;27/abr/03;April; 17 ; DM ; 95.862 ;4;
Durham, Troy;Project & Contract Services;North;Full Time;24/nov/96;November; 24 ; D ; 93.184 ;4;
Gallagher, Johnson;Project & Contract Services;Taft;Full Time;01/dez/03;December; 17 ; R ; 58.500 ;4;
Holt, Robert;Project & Contract Services;Main;Full Time;04/jan/05;January; 16 ; DMR ; 81.120 ;4;
Lamb, John;Project & Contract Services;North;Full Time;11/set/15;September; 5 ; M ; 76.895 ;4;
Rivera, Timothy;Project & Contract Services;Main;Full Time;14/nov/14;November; 6 ; DMR ; 70.447 ;4;
Sandoval, James;Project & Contract Services;North;Full Time;06/set/95;September; 25 ; M ; 59.943 ;4;
Stokes, Jonathan;Project & Contract Services;West;Full Time;10/out/00;October; 20 ; DMR ; 65.741 ;4;
Trevino, Gary;Project & Contract Services;Main;Full Time;26/abr/96;April; 24 ; DMR ; 31.317 ;4;
Vazquez, Kenneth;Project & Contract Services;Main;Full Time;08/out/96;October; 24 ; M ; 103.220 ;4;
Wallace, Timothy;Project & Contract Services;Main;Full Time;14/out/03;October; 17 ; M ; 70.954 ;4;
Wilkins, Jesse;Project & Contract Services;North;Full Time;14/set/02;September; 18 ; DM ; 31.642 ;4;
Cannon, Jenny;Project & Contract Services;West;Full Time;20/jan/03;January; 18 ; M ; 29.731 ;3;
Graham, David;Project & Contract Services;Watson;Full Time;08/mar/11;March; 10 ; DM ; 81.494 ;3;
Hines, Herb;Project & Contract Services;West;Full Time;21/mar/14;March; 6 ; DMR ; 32.227 ;3;
Quinn, Cinnamon;Project & Contract Services;North;Full Time;23/jun/98;June; 22 ; D ; 82.472 ;3;
Schroeder, Ben;Project & Contract Services;North;Full Time;08/abr/01;April; 19 ; D ; 94.432 ;3;
Ware, David;Project & Contract Services;North;Full Time;14/mar/08;March; 13 ; DM ; 30.628 ;3;
Blankenship, Roger;Project & Contract Services;Watson;Full Time;08/mai/12;May; 8 ; DMR ; 95.979 ;2;
Carlson, Jeremy;Project & Contract Services;West;Full Time;23/jan/01;January; 20 ; DM ; 79.492 ;2;
Chandler, Diane;Project & Contract Services;North;Full Time;02/nov/07;November; 13 ; DM ; 58.630 ;2;
Christian, Melissa;Project & Contract Services;Main;Full Time;13/jul/98;July; 22 ; M ; 90.246 ;2;
Cobb, Nicole;Project & Contract Services;Main;Full Time;04/set/98;September; 22 ; DMR ; 81.494 ;2;
Garcia, Karen;Project & Contract Services;Watson;Full Time;06/mar/10;March; 11 ; D ; 79.729 ;2;
McIntosh, Jeremy;Project & Contract Services;West;Full Time;21/mar/01;March; 19 ; D ; 38.688 ;2;
Miles, Kenneth;Project & Contract Services;Main;Full Time;07/ago/95;August; 25 ; DMR ; 62.504 ;2;
Orr, Jennifer;Project & Contract Services;South;Full Time;08/ago/08;August; 12 ; DM ; 99.983 ;2;
Spears, Melanie;Project & Contract Services;Main;Full Time;28/mai/01;May; 19 ; DMR ; 61.542 ;2;
Willis, Ralph;Project & Contract Services;North;Full Time;29/jun/02;June; 18 ; R ; 44.278 ;2;
Woodward, Tim;Project & Contract Services;South;Full Time;19/dez/99;December; 21 ; DM ; 115.466 ;2;
Avila, Jody;Project & Contract Services;Main;Full Time;15/mar/16;March; 5 ; D ; 112.450 ;1;
Cox, Stephanie;Project & Contract Services;Main;Full Time;21/mai/05;May; 15 ; D ; 62.829 ;1;
Day, David;Project & Contract Services;Main;Full Time;29/ago/06;August; 14 ; DMR ; 37.869 ;1;
Murray, Rebecca;Project & Contract Services;North;Full Time;02/abr/02;April; 18 ; DMR ; 82.251 ;1;
Pitts, Dana;Project & Contract Services;Main;Full Time;03/ago/96;August; 24 ; M ; 101.062 ;1;
Robles, Charles;Project & Contract Services;North;Full Time;23/dez/12;December; 8 ; DMR ; 58.045 ;1;
Roy, Margarita;Project & Contract Services;North;Full Time;20/out/15;October; 5 ; M ; 82.168 ;1;
Stewart, Elizabeth;Project & Contract Services;Main;Full Time;08/jul/03;July; 17 ; D ; 47.957 ;1;
Gordon, Diane;Project & Contract Services;North;Half-Time;10/out/03;October; 17 ; DM ; 59.475 ;5;
Hess, Brian;Project & Contract Services;Main;Half-Time;13/dez/14;December; 6 ; D ; 32.819 ;5;
Mathews, Marcia;Project & Contract Services;West;Half-Time;25/ago/15;August; 5 ; DM ; 64.162 ;5;
Garza, Anthony;Project & Contract Services;South;Half-Time;20/fev/04;February; 17 ; R ; 29.218 ;4;
Landry, Linda;Project & Contract Services;West;Half-Time;28/mar/00;March; 20 ; R ; 13.910 ;4;
Russell, Mark;Project & Contract Services;Main;Half-Time;18/dez/06;December; 14 ; D ; 16.309 ;4;
Maldonado, Robert;Project & Contract Services;West;Half-Time;02/mar/97;March; 24 ; DMR ; 60.294 ;3;
Morrison, Julie;Project & Contract Services;Watson;Half-Time;31/dez/10;December; 10 ; R ; 13.819 ;3;
Tanner, Timothy;Project & Contract Services;Taft;Half-Time;11/mar/15;March; 6 ; R ; 63.310 ;3;
Petersen, Timothy;Project & Contract Services;North;Half-Time;29/jun/09;June; 11 ; R ; 42.770 ;2;
Richard, Karen;Project & Contract Services;South;Half-Time;25/jan/03;January; 18 ; DMR ; 40.567 ;2;
Hall, Jenny;Project & Contract Services;South;Half-Time;01/out/13;October; 7 ; DMR ; 59.235 ;1;
Tran, Chad;Project & Contract Services;Watson;Half-Time;19/abr/15;April; 5 ; DMR ; 15.353 ;1;
Sutton, Matthew;Project & Contract Services;Main;Hourly;01/ago/04;August; 16 ;; 46.868 ;5;
West, Jeffrey;Project & Contract Services;West;Hourly;25/mai/03;May; 17 ;; 18.632 ;5;
Farrell, Laura;Project & Contract Services;North;Hourly;22/jun/04;June; 16 ;; 48.121 ;4;
Clay, William;Project & Contract Services;North;Hourly;15/ago/03;August; 17 ;; 21.694 ;3;
Greene, Alexander;Quality Assurance;North;Contract;17/fev/04;February; 17 ;; 69.303 ;5;
Marshall, Anita;Quality Assurance;North;Contract;23/set/13;September; 7 ;; 56.316 ;5;
Baker, Barney;Quality Assurance;Main;Contract;05/jan/03;January; 18 ;; 111.930 ;4;
Booth, Raquel;Quality Assurance;Main;Contract;27/ago/04;August; 16 ;; 79.040 ;4;
Bryan, Thomas;Quality Assurance;West;Contract;26/set/03;September; 17 ;; 76.765 ;4;
Tate, Zachary;Quality Assurance;North;Contract;08/nov/04;November; 16 ;; 71.292 ;4;
Lowery, Charles;Quality Assurance;Main;Contract;20/abr/05;April; 15 ;; 101.088 ;3;
Mathis, Shari;Quality Assurance;Main;Contract;15/jun/15;June; 5 ;; 28.054 ;3;
Hubbard, Sandra;Quality Assurance;Taft;Contract;07/fev/96;February; 25 ;; 116.285 ;2;
Leach, Jingwen;Quality Assurance;Main;Contract;25/jun/96;June; 24 ;; 60.645 ;2;
Peters, Robert;Quality Assurance;Taft;Contract;04/jul/06;July; 14 ;; 60.814 ;2;
Rich, Brent;Quality Assurance;North;Contract;11/mar/11;March; 10 ;; 111.709 ;2;
Walker, Mike;Quality Assurance;North;Contract;31/out/97;October; 23 ;; 72.397 ;2;
Callahan, Marilyn;Quality Assurance;Taft;Contract;03/fev/09;February; 12 ;; 83.967 ;1;
Arnold, Cole;Quality Assurance;Watson;Full Time;29/dez/07;December; 13 ; R ; 107.237 ;5;
Banks, Ryan;Quality Assurance;West;Full Time;05/mar/12;March; 9 ; R ; 56.680 ;5;
Barton, Barry;Quality Assurance;West;Full Time;07/out/03;October; 17 ; R ; 87.629 ;5;
Beasley, Timothy;Quality Assurance;North;Full Time;09/dez/95;December; 25 ; DMR ; 70.070 ;5;
Cole, Elbert;Quality Assurance;South;Full Time;16/set/14;September; 6 ; R ; 30.147 ;5;
Cross, Marc;Quality Assurance;South;Full Time;14/jun/08;June; 12 ; DMR ; 37.973 ;5;
Dunn, Matthew;Quality Assurance;North;Full Time;13/mai/02;May; 18 ; R ; 49.101 ;5;
Gutierrez, Regina;Quality Assurance;North;Full Time;18/out/13;October; 7 ; R ; 38.129 ;5;
James, Lynn;Quality Assurance;North;Full Time;19/mar/04;March; 16 ; DMR ; 75.933 ;5;
Maxwell, Jill;Quality Assurance;Main;Full Time;18/fev/00;February; 21 ; DMR ; 50.700 ;5;
Velasquez, Clint;Quality Assurance;West;Full Time;01/set/09;September; 11 ; R ; 41.483 ;5;
Williamson, Sumed;Quality Assurance;North;Full Time;28/ago/04;August; 16 ; DM ; 59.644 ;5;
Briggs, Bryan;Quality Assurance;Taft;Full Time;28/jul/96;July; 24 ; DMR ; 88.296 ;4;
Espinoza, Derrell;Quality Assurance;North;Full Time;25/dez/04;December; 16 ; DMR ; 38.038 ;4;
Graves, Michael;Quality Assurance;North;Full Time;11/abr/97;April; 23 ; DMR ; 89.011 ;4;
Hunter, Lisa;Quality Assurance;North;Full Time;04/jul/98;July; 22 ; DMR ; 70.460 ;4;
Nguyen, Dennis;Quality Assurance;North;Full Time;25/mai/04;May; 16 ; DMR ; 89.960 ;4;
Thornton, Charles;Quality Assurance;North;Full Time;02/mar/02;March; 19 ; DMR ; 102.323 ;4;
Caldwell, Pete;Quality Assurance;Watson;Full Time;13/dez/04;December; 16 ; R ; 62.725 ;3;
Carey, Andrea;Quality Assurance;South;Full Time;26/dez/09;December; 11 ; R ; 108.823 ;3;
Cook, Mark;Quality Assurance;West;Full Time;03/mai/04;May; 16 ; R ; 50.700 ;3;
French, Robert;Quality Assurance;North;Full Time;05/abr/03;April; 17 ; R ; 91.364 ;3;
Harrington, Aron;Quality Assurance;Main;Full Time;29/out/01;October; 19 ; R ; 86.372 ;3;
Kramer, Faye;Quality Assurance;North;Full Time;03/dez/01;December; 19 ; R ; 44.629 ;3;
McKee, Michelle;Quality Assurance;North;Full Time;01/fev/16;February; 5 ; M ; 104.338 ;3;
Mendoza, Bobby;Quality Assurance;North;Full Time;28/jun/11;June; 9 ; DMR ; 95.628 ;3;
Moore, Robert;Quality Assurance;Watson;Full Time;30/out/96;October; 24 ; R ; 81.965 ;3;
Mullins, Angela;Quality Assurance;West;Full Time;04/fev/98;February; 23 ; DMR ; 70.551 ;3;
Randolph, Kristin;Quality Assurance;North;Full Time;16/mar/97;March; 24 ; DMR ; 85.242 ;3;
Weaver, Eric;Quality Assurance;North;Full Time;04/abr/00;April; 20 ; DM ; 107.510 ;3;
Beard, Sandi;Quality Assurance;Main;Full Time;04/out/03;October; 17 ; D ; 103.493 ;2;
Garrison, Chris;Quality Assurance;Main;Full Time;06/nov/98;November; 22 ; M ; 63.037 ;2;
Lowe, Michelle;Quality Assurance;West;Full Time;27/dez/13;December; 7 ; R ; 93.678 ;2;
McCormick, Hsi;Quality Assurance;Taft;Full Time;15/fev/98;February; 23 ; R ; 58.643 ;2;
Patterson, Robert;Quality Assurance;Main;Full Time;22/fev/98;February; 23 ; R ; 86.871 ;2;
Camacho, Stephanie;Quality Assurance;North;Full Time;25/jan/96;January; 25 ; R ; 32.292 ;1;
Edwards, Phillip;Quality Assurance;Main;Full Time;12/out/01;October; 19 ; DM ; 81.939 ;1;
Evans, Rolin;Quality Assurance;Main;Full Time;30/ago/97;August; 23 ; D ; 112.112 ;1;
Farmer, Suzanne;Quality Assurance;South;Full Time;06/out/02;October; 18 ; R ; 41.756 ;1;
Frank, William;Quality Assurance;West;Full Time;15/jan/02;January; 19 ; D ; 81.855 ;1;
Hood, Renee;Quality Assurance;North;Full Time;25/dez/96;December; 24 ; DMR ; 71.279 ;1;
Reid, Elizabeth;Quality Assurance;Main;Full Time;30/jul/03;July; 17 ; DM ; 102.635 ;1;
Schultz, Norman;Quality Assurance;West;Full Time;12/jul/04;July; 16 ; R ; 87.126 ;1;
Booker, Judith;Quality Assurance;South;Half-Time;10/fev/03;February; 18 ; M ; 51.389 ;5;
Zimmerman, Julian;Quality Assurance;Watson;Half-Time;07/out/97;October; 23 ; R ; 33.651 ;5;
McCall, Keith;Quality Assurance;Main;Half-Time;30/dez/04;December; 16 ; M ; 27.287 ;4;
Stephenson, Matt;Quality Assurance;West;Half-Time;27/mai/08;May; 12 ; DM ; 37.083 ;4;
Glass, John;Quality Assurance;Main;Half-Time;09/set/02;September; 18 ; R ; 55.562 ;2;
Patton, Corey;Quality Assurance;Main;Half-Time;30/jan/04;January; 17 ; DMR ; 45.474 ;2;
Bean, Deborah;Quality Assurance;North;Half-Time;13/set/04;September; 16 ; D ; 61.555 ;1;
Walls, Brian;Quality Assurance;South;Half-Time;06/jul/08;July; 12 ; DMR ; 63.362 ;1;
Fisher, Maria;Quality Assurance;Main;Hourly;01/mar/03;March; 18 ;; 16.687 ;5;
Leblanc, Jenny;Quality Assurance;Main;Hourly;24/jul/98;July; 22 ;; 34.429 ;5;
Sheppard, Curtis;Quality Assurance;West;Hourly;09/mar/03;March; 18 ;; 23.286 ;5;
Fleming, Irv;Quality Assurance;Watson;Hourly;24/nov/00;November; 20 ;; 30.800 ;4;
Lewis, Frederick;Quality Assurance;Watson;Hourly;25/jan/05;January; 16 ;; 20.218 ;4;
McGee, Carol;Quality Assurance;Main;Hourly;05/jan/99;January; 22 ;; 47.824 ;4;
Palmer, Terry;Quality Assurance;Main;Hourly;27/nov/01;November; 19 ;; 43.560 ;4;
Powell, Juli;Quality Assurance;West;Hourly;12/jan/96;January; 25 ;; 39.608 ;2;
Anthony, Robert;Quality Control;Main;Contract;02/jan/98;January; 23 ;; 82.277 ;5;
Barr, Jennifer;Quality Control;West;Contract;05/jun/96;June; 24 ;; 45.084 ;5;
Blevins, Carey;Quality Control;Main;Contract;21/jul/06;July; 14 ;; 36.751 ;5;
Daniels, Janet;Quality Control;West;Contract;01/out/13;October; 7 ;; 111.852 ;5;
Dodson, David;Quality Control;Watson;Contract;17/jun/06;June; 14 ;; 100.277 ;5;
Heath, Deborah;Quality Control;South;Contract;17/jun/96;June; 24 ;; 33.826 ;5;
Oconnor, Kent;Quality Control;North;Contract;07/set/96;September; 24 ;; 81.224 ;5;
Patel, Donald;Quality Control;Main;Contract;10/nov/95;November; 25 ;; 82.693 ;5;
Vega, Alexandra;Quality Control;South;Contract;28/jul/01;July; 19 ;; 54.301 ;5;
Allen, Thomas;Quality Control;Watson;Contract;10/jul/07;July; 13 ;; 63.817 ;4;
Francis, Todd;Quality Control;Main;Contract;18/set/96;September; 24 ;; 79.474 ;4;
Mitchell, Shannon;Quality Control;North;Contract;05/dez/15;December; 5 ;; 60.541 ;4;
Olson, Melanie;Quality Control;Taft;Contract;29/mar/16;March; 4 ;; 55.887 ;4;
Roth, Tony;Quality Control;West;Contract;28/jun/97;June; 23 ;; 76.866 ;4;
Webb, Jim;Quality Control;North;Contract;22/set/95;September; 25 ;; 30.342 ;4;
Barrett, John;Quality Control;South;Contract;03/jul/98;July; 22 ;; 45.812 ;3;
Deleon, Jaquelyn;Quality Control;South;Contract;21/mar/10;March; 10 ;; 42.744 ;3;
English, David;Quality Control;West;Contract;29/jul/97;July; 23 ;; 91.390 ;3;
Finley, James;Quality Control;Main;Contract;18/jan/00;January; 21 ;; 83.542 ;3;
Freeman, Dennis;Quality Control;North;Contract;14/jan/16;January; 5 ;; 72.163 ;3;
Fuller, Brenda;Quality Control;North;Contract;31/mai/98;May; 22 ;; 98.215 ;3;
Navarro, Marc;Quality Control;Watson;Contract;01/set/06;September; 14 ;; 33.189 ;3;
Roman, Teri;Quality Control;North;Contract;20/fev/15;February; 6 ;; 104.948 ;3;
Sloan, Cindy;Quality Control;North;Contract;25/jan/03;January; 18 ;; 58.539 ;3;
Barron, Michael;Quality Control;North;Contract;30/dez/97;December; 23 ;; 91.195 ;2;
Hodge, Craig;Quality Control;South;Contract;24/set/01;September; 19 ;; 114.179 ;2;
Kelley, Nancy;Quality Control;West;Contract;27/jan/04;January; 17 ;; 75.725 ;2;
Ball, Kirk;Quality Control;North;Contract;13/jul/99;July; 21 ;; 58.637 ;1;
Chase, Troy;Quality Control;South;Contract;09/jun/98;June; 22 ;; 102.167 ;1;
Hutchinson, Robin;Quality Control;North;Contract;13/nov/96;November; 24 ;; 74.750 ;1;
Nichols, Nathaniel;Quality Control;Watson;Contract;30/mai/15;May; 5 ;; 61.464 ;1;
Boyd, Debra;Quality Control;Taft;Full Time;06/out/03;October; 17 ; R ; 62.933 ;5;
Brock, Ensley;Quality Control;North;Full Time;20/mai/05;May; 15 ; DM ; 84.916 ;5;
Brooks, Richard;Quality Control;North;Full Time;07/mar/01;March; 20 ; R ; 43.667 ;5;
Hayes, Edward;Quality Control;North;Full Time;12/dez/00;December; 20 ; M ; 84.214 ;5;
Holmes, Tito;Quality Control;North;Full Time;12/ago/03;August; 17 ; DM ; 83.811 ;5;
Koch, Danielle;Quality Control;Main;Full Time;26/nov/99;November; 21 ; DMR ; 90.363 ;5;
Logan, Karen;Quality Control;North;Full Time;01/out/13;October; 7 ; DMR ; 107.081 ;5;
Lucas, John;Quality Control;Main;Full Time;10/mai/16;May; 4 ; D ; 52.338 ;5;
McKinney, Chris;Quality Control;Main;Full Time;04/fev/96;February; 25 ; DMR ; 31.460 ;5;
Newman, Aria;Quality Control;West;Full Time;28/mai/13;May; 7 ; DMR ; 103.194 ;5;
Rivers, Douglas;Quality Control;South;Full Time;13/ago/13;August; 7 ; DMR ; 29.666 ;5;
Robbins, Suzanne;Quality Control;North;Full Time;24/jul/01;July; 19 ; DMR ; 75.881 ;5;
Silva, Stephen;Quality Control;North;Full Time;19/jan/16;January; 5 ; DMR ; 60.307 ;5;
Weber, Larry;Quality Control;Main;Full Time;20/out/01;October; 19 ; DMR ; 35.269 ;5;
Charles, Jeffrey;Quality Control;North;Full Time;01/dez/09;December; 11 ; DM ; 62.764 ;4;
Henderson, Anthony;Quality Control;Watson;Full Time;06/dez/02;December; 18 ; DMR ; 112.216 ;4;
Horn, George;Quality Control;North;Full Time;28/mar/05;March; 15 ; DM ; 93.561 ;4;
Hughes, Kevin;Quality Control;North;Full Time;12/mar/97;March; 24 ; DM ; 60.515 ;4;
Lloyd, John;Quality Control;Taft;Full Time;24/ago/01;August; 19 ; DMR ; 41.197 ;4;
Pugh, Lawrence;Quality Control;Main;Full Time;10/mai/16;May; 4 ; DMR ; 29.939 ;4;
Ramos, Jan;Quality Control;North;Full Time;11/mar/06;March; 15 ; DMR ; 81.978 ;4;
Allison, Timothy;Quality Control;Main;Full Time;28/mar/16;March; 4 ; DMR ; 112.632 ;3;
Marquez, Thomas;Quality Control;North;Full Time;01/jul/08;July; 12 ; R ; 62.413 ;3;
Melton, Scott;Quality Control;Taft;Full Time;07/nov/05;November; 15 ; R ; 61.919 ;3;
Payne, Vicky;Quality Control;Watson;Full Time;07/nov/97;November; 23 ; M ; 41.808 ;3;
Phelps, Gretchen;Quality Control;North;Full Time;13/jul/12;July; 8 ; DMR ; 32.474 ;3;
Ray, ReAnnon;Quality Control;South;Full Time;17/mar/04;March; 17 ; D ; 100.984 ;3;
Richardson, Debbie;Quality Control;Main;Full Time;13/dez/97;December; 23 ; DM ; 77.337 ;3;
Torres, Bruce;Quality Control;Main;Full Time;18/jul/14;July; 6 ; R ; 45.487 ;3;
William, William;Quality Control;Main;Full Time;15/jul/97;July; 23 ; DM ; 81.614 ;3;
Bradley, David;Quality Control;South;Full Time;03/jan/98;January; 23 ; R ; 60.333 ;2;
Bridges, Jeff;Quality Control;South;Full Time;18/dez/12;December; 8 ; DM ; 89.518 ;2;
Figueroa, Leonard;Quality Control;Taft;Full Time;25/set/10;September; 10 ; DMR ; 57.889 ;2;
Garrett, Chris;Quality Control;West;Full Time;20/dez/09;December; 11 ; R ; 105.742 ;2;
Hensley, William;Quality Control;North;Full Time;10/jul/02;July; 18 ; R ; 53.794 ;2;
Lynch, Scott;Quality Control;Taft;Full Time;21/ago/07;August; 13 ; D ; 78.390 ;2;
Montoya, Lisa;Quality Control;Main;Full Time;12/jun/04;June; 16 ; D ; 80.405 ;2;
Sanchez, Greg;Quality Control;Taft;Full Time;22/abr/06;April; 14 ; R ; 102.323 ;2;
Taylor, Hector;Quality Control;South;Full Time;23/mar/12;March; 8 ; M ; 33.397 ;2;
White, Daniel;Quality Control;Main;Full Time;26/mar/99;March; 21 ; R ; 96.005 ;2;
McCullough, Scott;Quality Control;Watson;Full Time;18/dez/15;December; 5 ; R ; 91.949 ;1;
Pittman, Bacardi;Quality Control;North;Full Time;17/jan/05;January; 16 ; R ; 46.098 ;1;
Sullivan, Robert;Quality Control;North;Full Time;28/fev/06;February; 15 ; D ; 64.909 ;1;
Wiggins, Frank;Quality Control;North;Full Time;07/nov/98;November; 22 ; R ; 113.386 ;1;
Carpenter, Ronald;Quality Control;North;Half-Time;22/out/04;October; 16 ; R ; 34.041 ;5;
Jimenez, Dominic;Quality Control;South;Half-Time;09/set/03;September; 17 ; D ; 59.937 ;5;
Love, Danny;Quality Control;South;Half-Time;22/mar/13;March; 7 ; D ; 63.804 ;5;
Summers, Harold;Quality Control;North;Half-Time;21/jan/06;January; 15 ; DMR ; 22.367 ;5;
Townsend, Jerry;Quality Control;West;Half-Time;23/mar/02;March; 18 ; DM ; 17.797 ;5;
Duncan, George;Quality Control;North;Half-Time;30/jan/02;January; 19 ; DM ; 48.958 ;4;
Lambert, Jody;Quality Control;North;Half-Time;14/jun/98;June; 22 ; D ; 14.599 ;4;
Saunders, Corey;Quality Control;West;Half-Time;11/set/00;September; 20 ; D ; 29.900 ;4;
Thompson, John;Quality Control;Main;Half-Time;08/mar/98;March; 23 ; M ; 36.023 ;3;
Bruce, Kevin;Quality Control;North;Half-Time;26/mai/96;May; 24 ; R ; 17.492 ;2;
Ellis, Brenda;Quality Control;Taft;Half-Time;17/jul/04;July; 16 ; M ; 25.773 ;2;
Hatfield, Carl;Quality Control;Watson;Half-Time;14/ago/01;August; 19 ; R ; 49.537 ;2;
Nunez, Benning;Quality Control;Main;Half-Time;28/jun/98;June; 22 ; DMR ; 64.409 ;2;
Sanders, Troy;Quality Control;North;Half-Time;30/jan/98;January; 23 ; DMR ; 25.916 ;1;
Luna, Rodney;Quality Control;North;Hourly;29/abr/00;April; 20 ;; 35.027 ;4;
Atkinson, Danielle;Quality Control;North;Hourly;25/jun/01;June; 19 ;; 43.878 ;3;
Rodgers, Daniel;Quality Control;North;Hourly;20/mai/02;May; 18 ;; 37.398 ;3;
Dennis, Paul;Quality Control;Watson;Hourly;18/out/04;October; 16 ;; 42.297 ;2;
Sellers, William;Quality Control;West;Hourly;15/out/10;October; 10 ;; 48.547 ;2;
Horton, Cleatis;Research Center;Main;Contract;18/mai/16;May; 4 ;; 85.972 ;4;
Reed, Larry;Research Center;West;Contract;22/mai/96;May; 24 ;; 111.163 ;4;
Bush, Rena;Research Center;Watson;Full Time;26/fev/08;February; 13 ; R ; 55.640 ;5;
Ingram, Matt;Research Center;Main;Full Time;04/abr/06;April; 14 ; DMR ; 82.771 ;5;
Shaw, Pat;Research Center;West;Full Time;25/jun/06;June; 14 ; D ; 52.884 ;5;
Guerra, Karen;Research/Development;North;Contract;04/jul/99;July; 21 ;; 84.136 ;5;
Griffin, Debbi;Research/Development;North;Contract;28/jan/98;January; 23 ;; 78.988 ;2;
Hansen, Andrew;Research/Development;Taft;Full Time;19/jul/15;July; 5 ; DMR ; 60.684 ;1;
Hoffman, Brian D;Research/Development;Watson;Half-Time;25/jan/05;January; 16 ; DMR ; 40.625 ;2;
Shannon, Kevin;Research/Development;Watson;Hourly;25/dez/15;December; 5 ;; 24.757 ;1;
